exp,features,preprocessing,model,hyperparams,cv_mean,cv_std,folds,note
E0_tutorial_LR,5 tutorial feats,tutorial prep,LR,tutorial defaults,0.66177,0.00236,"[0.66573, 0.66049, 0.65917, 0.66309, 0.66035]",tutorial pipeline under 5-fold CV
E0_tutorial_RF,5 tutorial feats,tutorial prep,RF(depth10),tutorial defaults,0.67018,0.00221,"[0.67253, 0.66729, 0.66988, 0.66838, 0.67284]",tutorial pipeline under 5-fold CV
E1_lgb_raw31,32 raw cols,categoricals native; NaNs native; no cleaning,LightGBM,lr.05 leaves31 mcs100 ss.8 cs.6; ES100,0.75004,0.00357,"[0.74633, 0.75095, 0.7544, 0.74545, 0.75306]"," iters=[231, 243, 253, 288, 236] train_auc=0.8222 nfeat=32 t=48s"
E2_lgb_clean,32 raw + DAYS_EMPLOYED_ANOM flag,"anomaly->NaN, XNA->NaN",LightGBM,lr.05 leaves31 mcs100 ss.8 cs.6; ES100,0.74994,0.00375,"[0.74633, 0.75067, 0.75502, 0.74506, 0.75261]"," iters=[204, 319, 230, 212, 187] train_auc=0.8168 nfeat=33 t=48s"
E3_lgb_clean_fe,"all engineered (ratios,time,ext,bureau,misc)",as E2 + row-wise FE,LightGBM,lr.05 leaves31 mcs100 ss.8 cs.6; ES100,0.75825,0.00237,"[0.75531, 0.75915, 0.76231, 0.75691, 0.75757]"," iters=[176, 289, 214, 284, 316] train_auc=0.8419 nfeat=78 t=65s"
E3_add_ext_only,clean + ext group,row-wise FE,LightGBM,base params,0.74947,0.00435,"[0.74453, 0.75019, 0.75645, 0.74516, 0.751]","ablation: one FE group added to E2 iters=[148, 245, 255, 173, 289] train_auc=0.8211 nfeat=46 t=51s"
E3_add_ratios_only,clean + ratios group,row-wise FE,LightGBM,base params,0.75867,0.00306,"[0.75702, 0.75754, 0.76354, 0.75471, 0.76056]","ablation: one FE group added to E2 iters=[308, 253, 240, 225, 332] train_auc=0.8366 nfeat=44 t=50s"
E3_add_time_only,clean + time group,row-wise FE,LightGBM,base params,0.74969,0.00365,"[0.74558, 0.75046, 0.75507, 0.74568, 0.75167]","ablation: one FE group added to E2 iters=[154, 343, 254, 261, 385] train_auc=0.8317 nfeat=44 t=51s"
E3_add_bureau_only,clean + bureau group,row-wise FE,LightGBM,base params,0.74947,0.0041,"[0.7455, 0.74995, 0.75561, 0.74449, 0.75182]","ablation: one FE group added to E2 iters=[206, 271, 226, 292, 264] train_auc=0.8232 nfeat=37 t=49s"
E3_add_misc_only,clean + misc group,row-wise FE,LightGBM,base params,0.75039,0.00311,"[0.74684, 0.75105, 0.75489, 0.74694, 0.75221]","ablation: one FE group added to E2 iters=[223, 312, 241, 280, 251] train_auc=0.8249 nfeat=38 t=52s"
T00_lgb_rs,full FE,as E3,LightGBM,"{'num_leaves': 31, 'min_child_samples': 400, 'colsample_bytree': 0.3, 'reg_lambda': 50, 'reg_alpha': 10, 'subsample': 0.7, 'min_split_gain': 0, 'max_bin': 63}",0.75821,0.00377,"[0.75704, 0.7583, 0.76436, 0.7526, 0.75873]","random search, lr .05 iters=[404, 338, 411, 388, 422] train_auc=0.8125 nfeat=78 t=78s"
T01_lgb_rs,full FE,as E3,LightGBM,"{'num_leaves': 15, 'min_child_samples': 200, 'colsample_bytree': 0.7, 'reg_lambda': 50, 'reg_alpha': 10, 'subsample': 0.7, 'min_split_gain': 0.01, 'max_bin': 255}",0.75835,0.00308,"[0.7562, 0.75847, 0.76389, 0.75488, 0.7583]","random search, lr .05 iters=[408, 724, 390, 656, 383] train_auc=0.8053 nfeat=78 t=108s"
T02_lgb_rs,full FE,as E3,LightGBM,"{'num_leaves': 7, 'min_child_samples': 100, 'colsample_bytree': 0.5, 'reg_lambda': 10, 'reg_alpha': 1, 'subsample': 0.7, 'min_split_gain': 0, 'max_bin': 255}",0.75948,0.00264,"[0.7566, 0.76056, 0.76348, 0.75652, 0.76025]","random search, lr .05 iters=[816, 773, 791, 857, 869] train_auc=0.8003 nfeat=78 t=109s"
T03_lgb_rs,full FE,as E3,LightGBM,"{'num_leaves': 15, 'min_child_samples': 100, 'colsample_bytree': 0.3, 'reg_lambda': 100, 'reg_alpha': 0, 'subsample': 0.7, 'min_split_gain': 0.01, 'max_bin': 63}",0.7588,0.00326,"[0.75737, 0.7595, 0.76374, 0.75376, 0.75961]","random search, lr .05 iters=[685, 785, 592, 507, 620] train_auc=0.8058 nfeat=78 t=95s"
T04_lgb_rs,full FE,as E3,LightGBM,"{'num_leaves': 31, 'min_child_samples': 100, 'colsample_bytree': 0.7, 'reg_lambda': 10, 'reg_alpha': 1, 'subsample': 1.0, 'min_split_gain': 0.0, 'max_bin': 63}",0.757,0.00297,"[0.75413, 0.75817, 0.76217, 0.75431, 0.75622]","random search, lr .05 iters=[157, 213, 335, 306, 263] train_auc=0.8264 nfeat=78 t=66s"
T05_lgb_rs,full FE,as E3,LightGBM,"{'num_leaves': 63, 'min_child_samples': 200, 'colsample_bytree': 0.3, 'reg_lambda': 50, 'reg_alpha': 0, 'subsample': 1.0, 'min_split_gain': 0.01, 'max_bin': 63}",0.75888,0.00334,"[0.75839, 0.75855, 0.76488, 0.75456, 0.758]","random search, lr .05 iters=[207, 214, 212, 250, 223] train_auc=0.8356 nfeat=78 t=57s"
T06_lgb_rs,full FE,as E3,LightGBM,"{'num_leaves': 7, 'min_child_samples': 200, 'colsample_bytree': 0.5, 'reg_lambda': 100, 'reg_alpha': 0, 'subsample': 0.8, 'min_split_gain': 0.0, 'max_bin': 255}",0.75979,0.00324,"[0.7562, 0.76128, 0.76438, 0.75596, 0.76114]","random search, lr .05 iters=[763, 740, 1001, 1145, 1154] train_auc=0.7959 nfeat=78 t=130s"
T07_lgb_rs,full FE,as E3,LightGBM,"{'num_leaves': 7, 'min_child_samples': 100, 'colsample_bytree': 0.3, 'reg_lambda': 10, 'reg_alpha': 10, 'subsample': 1.0, 'min_split_gain': 0, 'max_bin': 255}",0.76143,0.00294,"[0.75803, 0.76298, 0.76569, 0.75822, 0.76225]","random search, lr .05 iters=[1039, 1113, 1068, 1314, 1112] train_auc=0.8026 nfeat=78 t=114s"
T08_lgb_rs,full FE,as E3,LightGBM,"{'num_leaves': 31, 'min_child_samples': 200, 'colsample_bytree': 0.5, 'reg_lambda': 1, 'reg_alpha': 1, 'subsample': 0.8, 'min_split_gain': 0.0, 'max_bin': 255}",0.75873,0.00301,"[0.75572, 0.75913, 0.76388, 0.75568, 0.75924]","random search, lr .05 iters=[189, 237, 219, 249, 289] train_auc=0.8300 nfeat=78 t=60s"
T09_lgb_rs,full FE,as E3,LightGBM,"{'num_leaves': 15, 'min_child_samples': 100, 'colsample_bytree': 0.5, 'reg_lambda': 1, 'reg_alpha': 10, 'subsample': 0.8, 'min_split_gain': 0.0, 'max_bin': 255}",0.75956,0.0032,"[0.756, 0.76048, 0.7646, 0.75619, 0.76052]","random search, lr .05 iters=[442, 702, 399, 405, 450] train_auc=0.8107 nfeat=78 t=89s"
T10_lgb_rs,full FE,as E3,LightGBM,"{'num_leaves': 15, 'min_child_samples': 100, 'colsample_bytree': 0.5, 'reg_lambda': 100, 'reg_alpha': 1, 'subsample': 1.0, 'min_split_gain': 0.01, 'max_bin': 255}",0.75976,0.00271,"[0.75684, 0.76104, 0.76351, 0.75643, 0.76097]","random search, lr .05 iters=[459, 568, 405, 501, 742] train_auc=0.8085 nfeat=78 t=97s"
F1_T07_ratios,ratios only,clean+FE,LightGBM,T07,0.76108,0.0035,"[0.75813, 0.76125, 0.76662, 0.75668, 0.76272]"," iters=[1049, 1308, 1020, 1025, 1422] train_auc=0.7989 nfeat=44 t=102s"
F2_T07_ratios_ext,ratios+ext,clean+FE,LightGBM,T07,0.76091,0.00338,"[0.7576, 0.76169, 0.76665, 0.75737, 0.76123]"," iters=[749, 881, 1089, 1137, 1336] train_auc=0.7977 nfeat=58 t=98s"
F3_T07_ratios_ext_time,ratios+ext+time,clean+FE,LightGBM,T07,0.76104,0.00338,"[0.75796, 0.7626, 0.7664, 0.75697, 0.76128]"," iters=[1054, 977, 1271, 843, 1292] train_auc=0.8006 nfeat=69 t=109s"
W1_T07_all_spw,all FE,clean+FE,LightGBM,T07 + scale_pos_weight=3,0.71695,0.00395,"[0.72008, 0.71577, 0.72068, 0.71838, 0.70983]","class-weight check iters=[5, 5, 5, 5, 5] train_auc=0.7212 nfeat=78 t=15s"
R1_leaves5_cs2,all FE,clean+FE,LightGBM,leaves5 cs.2,0.76118,0.00327,"[0.75737, 0.76182, 0.76646, 0.75808, 0.76216]"," iters=[1361, 1551, 1379, 1449, 1469] train_auc=0.7923 nfeat=78 t=122s"
R2_leaves7_lr03,all FE,clean+FE,LightGBM,T07 lr.03,0.76097,0.00341,"[0.7578, 0.76206, 0.76625, 0.75674, 0.76198]"," iters=[1548, 1755, 2049, 1970, 1874] train_auc=0.8020 nfeat=78 t=196s"
R3_leaves10_cs3_mcs150,all FE,clean+FE,LightGBM,leaves10 mcs150,0.76119,0.00327,"[0.75796, 0.76275, 0.76569, 0.75692, 0.76264]"," iters=[544, 1114, 769, 563, 829] train_auc=0.8044 nfeat=78 t=91s"
lgb,all FE (78),clean+FE,LightGBM,"{'num_leaves': 7, 'min_child_samples': 100, 'colsample_bytree': 0.3, 'reg_lambda': 10, 'reg_alpha': 10, 'subsample': 1.0, 'min_split_gain': 0, 'max_bin': 255}",0.76143,0.00294,"[0.75803, 0.76298, 0.76569, 0.75822, 0.76225]","iters=[1039, 1113, 1068, 1314, 1112] t=113s"
lr,all FE (78),clean+FE,LogReg(C=.02),C=0.02 quantile-normal + OHE,0.7404,0.00415,"[0.73786, 0.73951, 0.74824, 0.73626, 0.74014]",iters=[] t=65s
xgb,all FE (78),clean+FE,XGBoost,depth3 lr.05 cs.3 mcw20 l2=10,0.76049,0.00337,"[0.75801, 0.76068, 0.76628, 0.75641, 0.76108]","iters=[1211, 928, 892, 1312, 910]"
cat,all FE (78),clean+FE,CatBoost,depth5 lr.1 l2=10,0.75873,0.0037,"[0.75679, 0.76051, 0.76439, 0.7533, 0.75867]","iters=[743, 638, 591, 464, 481]"
B1_blend_prob_avg,all FE,clean+FE,LGB+XGB+Cat equal-weight probability average,equal weights,0.76215,0.00316,"[0.75975, 0.76339, 0.76723, 0.75803, 0.76234]",OOF blend (selected if >= rank)
B2_blend_rank_avg,all FE,clean+FE,LGB+XGB+Cat equal-weight rank average,equal weights,0.76216,0.0032,"[0.75964, 0.76334, 0.76729, 0.75805, 0.76247]",OOF blend
B3_blend_all4_rank,all FE,clean+FE,LGB+XGB+Cat+LR rank avg,equal weights,0.75996,0.00343,"[0.7576, 0.76056, 0.76591, 0.75578, 0.75997]",LR hurts; rejected
